{"0": {"precision": 0.328740157480315, "recall": 0.35173762599669023, "f1-score": 0.3398502798168471, "support": 6647.0}, "1": {"precision": 0.3345318352059925, "recall": 0.336345835216147, "f1-score": 0.33543638275499477, "support": 6639.0}, "2": {"precision": 0.3286657009496218, "recall": 0.3041406017277331, "f1-score": 0.31592790283901906, "support": 6714.0}, "accuracy": 0.33065, "macro avg": {"precision": 0.3306458978786431, "recall": 0.3307413543135234, "f1-score": 0.33040485513695367, "support": 20000.0}, "weighted avg": {"precision": 0.33063770984399987, "recall": 0.33065, "f1-score": 0.33035434473570835, "support": 20000.0}}